{
    "MSE": 0.007540900260210037,
    "MAE": 0.06961532682180405,
    "RMSE": 0.08683835707917346,
    "R2": 0.8209480047225952,
    "MAPE": 23.704771041870117
}